QTY,Name,Type,URL
4,Dreepy,Pokémon,https://limitlesstcg.nyc3.digitaloceanspaces.com/tpci/TWM/TWM_128_R_EN.png
4,Drakloak,Pokémon,https://limitlesstcg.nyc3.digitaloceanspaces.com/tpci/TWM/TWM_129_R_EN.png
2,Dragapult ex,Pokémon,https://limitlesstcg.nyc3.digitaloceanspaces.com/tpci/TWM/TWM_130_R_EN.png
2,Duskull,Pokémon,https://limitlesstcg.nyc3.digitaloceanspaces.com/tpci/PRE/PRE_035_R_EN.png
2,Dusclops,Pokémon,https://limitlesstcg.nyc3.digitaloceanspaces.com/tpci/PRE/PRE_036_R_EN.png
1,Dusknoir,Pokémon,https://limitlesstcg.nyc3.digitaloceanspaces.com/tpci/PRE/PRE_037_R_EN.png
1,Budew,Pokémon,https://limitlesstcg.nyc3.digitaloceanspaces.com/tpci/ASC/ASC_016_R_EN.png
1,Fezandipiti ex,Pokémon,https://limitlesstcg.nyc3.digitaloceanspaces.com/tpci/ASC/ASC_142_R_EN.png
1,Meowth ex,Pokémon,https://limitlesstcg.nyc3.digitaloceanspaces.com/tpci/POR/POR_062_R_EN.png
1,Munkidori,Pokémon,https://limitlesstcg.nyc3.digitaloceanspaces.com/tpci/TWM/TWM_095_R_EN.png
4,Lillie's Determination,Trainer,https://limitlesstcg.nyc3.digitaloceanspaces.com/tpci/MEG/MEG_119_R_EN.png
3,Crispin,Trainer,https://limitlesstcg.nyc3.digitaloceanspaces.com/tpci/SCR/SCR_133_R_EN.png
2,Boss's Orders,Trainer,https://limitlesstcg.nyc3.digitaloceanspaces.com/tpci/MEG/MEG_114_R_EN.png
1,Dawn,Trainer,https://limitlesstcg.nyc3.digitaloceanspaces.com/tpci/PFL/PFL_087_R_EN.png
4,Ultra Ball,Trainer,https://limitlesstcg.nyc3.digitaloceanspaces.com/tpci/MEG/MEG_131_R_EN.png
4,Poké Pad,Trainer,https://limitlesstcg.nyc3.digitaloceanspaces.com/tpci/POR/POR_081_R_EN.png
4,Buddy-Buddy Poffin,Trainer,https://limitlesstcg.nyc3.digitaloceanspaces.com/tpci/TEF/TEF_144_R_EN.png
4,Crushing Hammer,Trainer,https://limitlesstcg.nyc3.digitaloceanspaces.com/tpci/POR/POR_071_R_EN.png
2,Night Stretcher,Trainer,https://limitlesstcg.nyc3.digitaloceanspaces.com/tpci/ASC/ASC_196_R_EN.png
1,Unfair Stamp,Trainer,https://limitlesstcg.nyc3.digitaloceanspaces.com/tpci/TWM/TWM_165_R_EN.png
1,Special Red Card,Trainer,https://limitlesstcg.nyc3.digitaloceanspaces.com/tpci/CRI/CRI_082_R_EN.png
1,Handheld Fan,Trainer,https://limitlesstcg.nyc3.digitaloceanspaces.com/tpci/TWM/TWM_150_R_EN.png
1,Team Rocket's Watchtower,Trainer,https://limitlesstcg.nyc3.digitaloceanspaces.com/tpci/DRI/DRI_180_R_EN.png
1,Jamming Tower,Trainer,https://limitlesstcg.nyc3.digitaloceanspaces.com/tpci/TWM/TWM_153_R_EN.png
3,Psychic Energy,Energy,https://limitlesstcg.nyc3.digitaloceanspaces.com/tpci/MEE/MEE_005_R_EN.png
3,Fire Energy,Energy,https://limitlesstcg.nyc3.digitaloceanspaces.com/tpci/MEE/MEE_002_R_EN.png
2,Darkness Energy,Energy,https://limitlesstcg.nyc3.digitaloceanspaces.com/tpci/MEE/MEE_007_R_EN.png